{
  "$schema": "https://schema.management.azure.com/schemas/2018-05-01/subscriptionDeploymentTemplate.json#",
  "contentVersion": "1.0.0.0",
  "parameters": {
    "resourceGroupName": {
      "type": "string",
      "defaultValue": "HiddenVilla",
      "metadata": {
        "_parameterType": "resourceGroup",
        "description": "Name of the resource group for the resource. It is recommended to put resources under same resource group for better tracking."
      }
    },
    "resourceGroupLocation": {
      "type": "string",
      "defaultValue": "southcentralus",
      "metadata": {
        "_parameterType": "location",
        "description": "Location of the resource group. Resource groups could have different location than resources."
      }
    },
    "resourceLocation": {
      "type": "string",
      "defaultValue": "[parameters('resourceGroupLocation')]",
      "metadata": {
        "_parameterType": "location",
        "description": "Location of the resource. By default use resource group's location, unless the resource provider is not supported there."
      }
    }
  },
  "resources": [
    {
      "type": "Microsoft.Resources/resourceGroups",
      "name": "[parameters('resourceGroupName')]",
      "location": "[parameters('resourceGroupLocation')]",
      "apiVersion": "2019-10-01"
    },
    {
      "type": "Microsoft.Resources/deployments",
      "name": "[concat(parameters('resourceGroupName'), 'Deployment', uniqueString(concat('hidden-villa', subscription().subscriptionId)))]",
      "resourceGroup": "[parameters('resourceGroupName')]",
      "apiVersion": "2019-10-01",
      "dependsOn": [
        "[parameters('resourceGroupName')]"
      ],
      "properties": {
        "mode": "Incremental",
        "template": {
          "$schema": "https://schema.management.azure.com/schemas/2015-01-01/deploymentTemplate.json#",
          "contentVersion": "1.0.0.0",
          "resources": [
            {
              "name": "HIddenVillaAPIManager",
              "type": "Microsoft.ApiManagement/service",
              "location": "[parameters('resourceLocation')]",
              "properties": {},
              "sku": {
                "name": "Developer",
                "capacity": 1
              },
              "identity": null,
              "apiVersion": "2019-12-01"
            },
            {
              "type": "Microsoft.ApiManagement/service/apis",
              "name": "HIddenVillaAPIManager/hidden-villa",
              "properties": {},
              "apiVersion": "2019-12-01",
              "dependsOn": [
                "HIddenVillaAPIManager"
              ]
            }
          ]
        }
      }
    }
  ],
  "metadata": {
    "_dependencyType": "apis.azure"
  }
}